fuel_source,tanf_earned_ded_recd,tanf_earnings,ostp,parent1_premium_ratio,a27yo_premium_ratio,family_costfrs,parent_costfrs,permealcost,nsbp,frpl,fsmp,child1_foodcost_red,child2_foodcost_red,child3_foodcost_red,child4_foodcost_red,child5_foodcost_red,family_structure,parent_number,child_number,salestax,day3_cc_hours_child3,day3_cc_hours_child4,day3_cc_hours_child5,day2_cc_hours_child3,day2_cc_hours_child4,day2_cc_hours_child5,day1_cc_hours_child3,day2_cc_hours_child3,day3_cc_hours_child3,day4_cc_hours_child3,day5_cc_hours_child3,day5_cc_hours_child4,day5_cc_hours_child5,day1hours,day2hours,day3hours,day5hours,day4hours,family_size,unit_size,ssi_recd,ssi_recd_mnth,ccdf,fsp,hlth,sec8,tanf,eitc,ssi,wic,nsbp,prek,sanctioned,state_eitc,ctc,state_cadc,earnings,earnings_posttax,child_support_recd,eitc_recd,tanf_recd,fsp_recd,rent_paid,housing_recd,last_received_sec8,hlth_recd,child_care_recd,federal_tax,state_tax,county_tax,federal_tax_gross,payroll_tax,cadc_real_recd,state_eic_recd,home,support,child_care_expenses,food_expenses,family_foodcost,hlth_cov_parent,hlth_cov_child1,hlth_cov_child2,hlth_cov_child3,hlth_cov_child4,hlth_cov_child5,ctc_additional_recd,ctc_total_recd,lifeline,lifeline_recd,other_expenses,trans_expenses,premium_tax_credit,premium_credit_recd,public_hlth_prem,health_expenses,ctc_nonref_recd,cadc,cadc_recd,ccdf_eligible_flag,interest,debt_payment,exempt_number,filing_status,parent1_earnings,parent2_earnings,parent_workhours_w,state_nrcadc_recd,state_nrcadc_base,state_cadc_recd,wic_recd,afterschool_expenses,disability_work_expenses,disability_medical_expenses_mnth,disability_personal_expenses,disability_expenses,salestax,child_foodcost_red_total,liheap_recd,udp_recd,federal_tax_income,tax_before_credits,income,expenses,cs_flag,child1_support,child2_support,child3_support,child4_support,child5_support
natural_gas,0,0,0,0,0,0,0,0,1,1,1,0,866.298251402177,0,0,0,1,1,2,321.962706397244,0,0,0,0,0,0,0,0,0,0,0,0,0,0,0,0,0,0,3,3,0,0,1,1,1,1,1,1,1,1,1,0,0,0,1,1,0,0,0,0,3144,6108,616.2,9808.8,0,0,0,0,0,0,0,0,0,0,0,0,0,5675.28787531228,7016.94,Medicaid,Medicaid/CHIP,Medicaid/CHIP,NA,NA,NA,0,0,1,111,5366.04510662073,0,1,0,0,300,0,1,0,0,0,0,0,Head of Household,0,0,0,0,0,0,475.353873285543,0,0,0,0,0,321.962706397244,866.298251402177,39,0,0,0,9252,12279.4956883303,0,0,0,0,0,0,
natural_gas,0,0,0,0,0,0,0,0,1,1,1,0,866.298251402177,0,0,0,1,1,2,321.962706397244,0,0,0,0,0,0,0,0,0,0,0,0,0,0,0,0,0,0,3,3,0,0,1,1,1,1,1,1,1,1,1,0,0,0,1,1,1000,923.5,0,400,3144,6108,375.4,10049.6,1000,0,0,0,0,12.5,0,76.5,0,0,0,0,2083.96,5675.28787531228,7016.94,Medicaid,Medicaid/CHIP,Medicaid/CHIP,NA,NA,NA,0,0,1,111,5366.04510662073,104,1,0,0,300,0,1,0,0,0,0,0,Head of Household,1000,0,1.70033326532,0,0,0,475.353873285543,0,0,0,0,0,321.962706397244,866.298251402177,39,0,0,12.5,10652,14315.6556883303,0,0,0,0,0,0,
natural_gas,0,0,0,0,0,0,0,0,1,1,1,0,866.298251402177,0,0,0,1,1,2,321.962706397244,0,0,0,0,0,0,0,0,0,0,0,0,0,0,0,0,0,0,3,3,0,0,1,1,1,1,1,1,1,1,1,0,0,0,1,1,2000,1847,0,800,2965.6,6108,537.492,9887.508,2000,0,0,0,0,25,0,153,0,0,0,0,2083.96,5675.28787531228,7016.94,Medicaid,Medicaid/CHIP,Medicaid/CHIP,NA,NA,NA,0,0,1,111,5366.04510662073,104,1,0,0,300,0,1,0,0,0,0,0,Head of Household,2000,0,3.40066653064001,0,0,0,475.353873285543,0,0,0,0,0,321.962706397244,866.298251402177,39,0,0,25,11873.6,14566.7476883303,0,0,0,0,0,0,
natural_gas,0,0,0,0,0,0,0,0,1,1,1,0,866.298251402177,0,0,0,1,1,2,321.962706397244,0,0,0,0,0,0,0,0,0,0,0,0,0,0,0,0,0,0,3,3,0,0,1,1,1,1,1,1,1,1,1,0,0,0,1,1,3000,2845.5,0,1200,2415.6,6108,672.492,9752.508,3000,0,0,0,0,37.5,0,229.5,0,0,0,0,2083.96,5675.28787531228,7016.94,Medicaid,Medicaid/CHIP,Medicaid/CHIP,NA,NA,NA,75,75,1,111,5366.04510662073,104,1,0,0,300,0,1,0,0,0,0,0,Head of Household,3000,0,5.10099979596001,0,0,0,475.353873285543,0,0,0,0,0,321.962706397244,866.298251402177,39,0,0,58,12819.1,14811.2476883303,0,0,0,0,0,0,
natural_gas,0,0,0,0,0,0,0,0,1,1,1,0,866.298251402177,0,0,0,1,1,2,321.962706397244,0,0,0,0,0,0,0,0,0,0,0,0,0,0,0,0,0,0,3,3,0,0,1,1,1,1,1,1,1,1,1,0,0,0,1,1,4000,3919,0,1600,1865.6,6108,547.56,9877.44,4000,0,0,0,0,50,0,306,0,0,0,0,3313.96,5675.28787531228,7016.94,Medicaid,Medicaid/CHIP,Medicaid/CHIP,NA,NA,NA,225,225,1,111,5366.04510662073,104,1,0,0,300,0,1,0,0,0,0,0,Head of Household,4000,0,6.80133306128001,0,0,0,475.353873285543,0,0,0,0,0,321.962706397244,866.298251402177,39,0,0,120.5,13869.1,16055.3156883303,0,0,0,0,0,0,
natural_gas,0,0,0,0,0,0,0,0,1,1,1,0,866.298251402177,0,0,0,1,1,2,321.962706397244,0,0,0,0,0,0,0,0,0,0,0,0,0,0,0,0,0,0,3,3,0,0,1,1,1,1,1,1,1,1,1,0,0,0,1,1,5000,4992.5,0,2000,1315.6,6108,592.56,9832.44,5000,0,0,0,0,62.5,0,382.5,0,0,0,0,5497.41,5675.28787531228,7016.94,Medicaid,Medicaid/CHIP,Medicaid/CHIP,NA,NA,NA,375,375,1,111,5366.04510662073,208,1,0,0,300,0,1,0,0,0,0,0,Head of Household,5000,0,8.50166632660001,0,0,0,475.353873285543,0,0,0,0,0,321.962706397244,866.298251402177,39,0,0,183,14919.1,18526.7656883303,0,0,0,0,0,0,
natural_gas,0,0,0,0,0,0,0,0,1,1,1,0,866.298251402177,0,0,0,1,1,2,321.962706397244,0,0,0,0,0,0,0,0,0,0,0,0,0,0,0,0,0,0,3,3,0,0,1,1,1,1,1,1,1,1,1,0,0,0,1,1,6000,6066,0,2400,765.6,6108,637.56,9787.44,6000,0,0,0,0,75,0,459,0,0,0,0,5497.41,5675.28787531228,7016.94,Medicaid,Medicaid/CHIP,Medicaid/CHIP,NA,NA,NA,525,525,1,111,5366.04510662073,208,1,0,0,300,0,1,0,0,0,0,0,Head of Household,6000,0,10.20199959192,0,0,0,475.353873285543,0,0,0,0,0,321.962706397244,866.298251402177,39,0,0,245.5,15969.1,18710.7656883303,0,0,0,0,0,0,
natural_gas,0,0,0,0,0,0,0,0,1,1,1,0,866.298251402177,0,0,0,1,1,2,321.962706397244,0,0,0,0,0,0,0,0,0,0,0,0,0,0,0,0,0,0,3,3,0,0,1,1,1,1,1,1,1,1,1,0,0,0,1,1,7000,7139.5,0,2800,215.6,6108,682.56,9742.44,7000,0,0,0,0,87.5,0,535.5,0,0,0,0,5497.41,5675.28787531228,7016.94,Medicaid,Medicaid/CHIP,Medicaid/CHIP,NA,NA,NA,675,675,1,111,5366.04510662073,208,1,0,0,300,0,1,0,0,0,0,0,Head of Household,7000,0,11.90233285724,0,0,0,475.353873285543,0,0,0,0,0,321.962706397244,866.298251402177,39,0,0,308,17019.1,18894.7656883302,0,0,0,0,0,0,
natural_gas,0,0,0,0,0,0,0,0,1,1,1,0,866.298251402177,0,0,0,1,1,2,321.962706397244,0,0,0,0,0,0,0,0,0,0,0,0,0,0,0,0,0,0,3,3,0,0,1,1,1,1,1,1,1,1,1,0,0,0,1,1,8000,8213,0,3200,1645.6,6108,900.56,9499.44,8000,0,0,0,0,100,0,612,0,0,0,0,5497.41,5675.28787531228,7016.94,Medicaid,Medicaid/CHIP,Medicaid/CHIP,NA,NA,NA,825,825,1,111,5366.04510662073,208,1,0,0,300,0,1,0,0,0,0,0,Head of Household,8000,0,13.60266612256,0,0,0,475.353873285543,0,0,0,0,0,321.962706397244,866.298251402177,64,0,0,370.5,20049.1,19251.7656883303,0,0,0,0,0,0,
natural_gas,0,0,0,0,0,0,0,0,1,1,1,0,866.298251402177,0,0,0,1,1,2,321.962706397244,0,0,0,0,0,0,0,0,0,0,0,0,0,0,0,0,0,0,3,3,0,0,1,1,1,1,1,1,1,1,1,0,0,0,1,1,9000,9286.5,0,3600,1095.6,6108,945.56,9454.44,9000,0,0,0,0,112.5,0,688.5,0,0,0,0,6727.41,5675.28787531228,7016.94,Medicaid,Medicaid/CHIP,Medicaid/CHIP,NA,NA,NA,975,975,1,111,5366.04510662073,208,1,0,0,300,0,1,0,0,0,0,0,Head of Household,9000,0,15.30299938788,0,0,0,475.353873285543,0,0,0,0,0,321.962706397244,866.298251402177,64,0,0,433,21099.1,20665.7656883303,0,0,0,0,0,0,
natural_gas,0,0,0,0,0,0,0,0,1,1,1,0,866.298251402177,0,0,0,1,1,2,321.962706397244,0,0,0,0,0,0,0,0,0,0,0,0,0,0,0,0,0,0,3,3,0,0,1,1,1,1,1,1,1,1,1,0,0,0,1,1,10000,10360,0,4000,545.6,6108,990.56,9409.44,10000,0,0,0,0,125,0,765,0,0,0,0,8910.86,5675.28787531228,7016.94,Medicaid,Medicaid/CHIP,Medicaid/CHIP,NA,NA,NA,1125,1125,1,111,5366.04510662073,312,1,0,0,300,0,1,0,0,0,0,0,Head of Household,10000,0,17.0033326532,0,0,0,475.353873285543,0,0,0,0,0,321.962706397244,866.298251402177,64,0,0,495.5,22149.1,23137.2156883302,0,0,0,0,0,0,
natural_gas,0,0,0,0,0,0,0,0,1,1,1,0,866.298251402177,0,0,0,1,1,2,321.962706397244,0,0,0,0,0,0,0,0,0,0,0,0,0,0,0,0,0,0,3,3,0,0,1,1,1,1,1,1,1,1,1,0,0,0,1,1,11000,11433.5,0,4400,0,6108,1036,9364,11000,0,0,0,0,137.5,0,841.5,0,0,0,0,8910.86,5675.28787531228,7016.94,Medicaid,Medicaid/CHIP,Medicaid/CHIP,NA,NA,NA,1275,1275,1,111,5366.04510662073,312,1,0,0,300,0,1,0,0,0,0,0,Head of Household,11000,0,18.70366591852,0,0,0,475.353873285543,0,0,0,0,0,321.962706397244,866.298251402177,64,0,0,558,23203.5,23321.6556883303,0,0,0,0,0,0,
natural_gas,0,0,0,0,0,0,0,0,1,1,1,0,866.298251402177,0,0,0,1,1,2,321.962706397244,0,0,0,0,0,0,0,0,0,0,0,0,0,0,0,0,0,0,3,3,0,0,1,1,1,1,1,1,1,1,1,0,0,0,1,1,12000,12507,0,4800,0,5604.5496,2177.042,8222.958,12000,0,5341,0,0,150,0,918,0,0,0,0,3569.86,5675.28787531228,7016.94,Medicaid,Medicaid/CHIP,Medicaid/CHIP,NA,NA,NA,1425,1425,1,111,5366.04510662073,312,1,0,0,300,0,1,0,1,0,0,0,Head of Household,12000,0,20.40399918384,0,0,0,475.353873285543,0,0,0,0,0,321.962706397244,866.298251402177,64,0,0,620.5,24300.0496,19260.6976883302,0,0,0,0,0,0,
natural_gas,0,0,0,0,0,0,0,0,1,1,1,0,866.298251402177,0,0,0,1,1,2,321.962706397244,0,0,0,0,0,0,0,0,0,0,0,0,0,0,0,0,0,0,3,3,0,0,1,1,1,1,1,1,1,1,1,0,0,0,1,1,13000,13580.5,0,5200,0,5555.9496,2292.542,8107.458,13000,0,5956,0,0,162.5,0,994.5,0,0,0,0,4184.86,5675.28787531228,7016.94,Medicaid,Medicaid/CHIP,Medicaid/CHIP,NA,NA,NA,1575,1575,1,111,5366.04510662073,312,1,0,0,300,0,1,0,1,0,0,0,Head of Household,13000,0,22.10433244916,0,0,0,475.353873285543,0,0,0,0,0,321.962706397244,866.298251402177,64,0,0,683,25851.4496,20130.1976883302,0,0,0,0,0,0,
natural_gas,0,0,0,0,0,0,0,0,1,1,1,0,866.298251402177,0,0,0,1,1,2,321.962706397244,0,0,0,0,0,0,0,0,0,0,0,0,0,0,0,0,0,0,3,3,0,0,1,1,1,1,1,1,1,1,1,0,0,0,1,1,14000,14654,0,5600,0,5342.1096,2545.742,7854.258,14000,0,5800,0,0,175,0,1071,0,0,0,0,4340.86,5675.28787531228,7016.94,Medicaid,Medicaid/CHIP,Medicaid/CHIP,NA,NA,NA,1725,1725,1,111,5366.04510662073,312,1,0,0,300,0,1,0,1,0,0,0,Head of Household,14000,0,23.80466571448,0,0,0,475.353873285543,0,0,0,0,0,321.962706397244,866.298251402177,64,0,0,745.5,27237.6096,20678.3976883302,0,0,0,0,0,0,
natural_gas,0,0,0,0,0,0,0,0,1,1,1,0,866.298251402177,0,0,0,1,1,2,321.962706397244,0,0,0,0,0,0,0,0,0,0,0,0,0,0,0,0,0,0,3,3,0,0,1,1,1,1,1,1,1,1,1,0,0,0,1,1,15000,15727.5,0,5920,0,5379.8316,2564.307,7815.693,15000,0,7112,0,0,187.5,0,1147.5,0,0,0,0,5212.31,5675.28787531228,7016.94,Medicaid,Medicaid/CHIP,Medicaid/CHIP,NA,NA,NA,1875,1875,1,111,5366.04510662073,416,1,0,0,300,0,1,0,1,0,0,0,Head of Household,15000,0,25.5049989798,0,0,0,475.353873285543,0,0,0,0,0,321.962706397244,866.298251402177,84,0,0,808,28795.3316,21811.4126883303,0,0,0,0,0,0,
natural_gas,0,0,0,0,0,0,0,0,1,1,1,0,866.298251402177,0,0,0,1,1,2,321.962706397244,0,0,0,0,0,0,0,0,0,0,0,0,0,0,0,0,0,0,3,3,0,0,1,1,1,1,1,1,1,1,1,0,0,0,1,1,16000,16801,0,5920,0,5124.5916,2852.007,7527.993,16000,0,7071,0,0,200,0,1224,0,0,0,0,5253.31,5675.28787531228,7016.94,Medicaid,Medicaid/CHIP,Medicaid/CHIP,NA,NA,NA,2025,2025,1,111,5366.04510662073,416,1,0,0,300,0,1,0,1,0,0,0,Head of Household,16000,0,27.20533224512,0,0,0,475.353873285543,0,0,0,0,0,321.962706397244,866.298251402177,84,0,0,870.5,29740.0916,22279.1126883302,0,0,0,0,0,0,
natural_gas,0,0,0,0,0,0,0,0,1,1,1,0,866.298251402177,0,0,0,1,1,2,321.962706397244,0,0,0,0,0,0,0,0,0,0,0,0,0,0,0,0,0,0,3,3,0,0,1,1,1,1,1,1,1,1,1,0,0,0,1,1,17000,17874.5,0,5920,0,4914.7116,3101.907,7278.093,17000,0,6904,0,0,212.5,0,1300.5,0,0,0,0,5420.31,5675.28787531228,7016.94,Medicaid,Medicaid/CHIP,Medicaid/CHIP,NA,NA,NA,2175,2175,1,111,5366.04510662073,416,1,0,0,300,0,1,0,1,0,0,0,Head of Household,17000,0,28.90566551044,0,0,0,475.353873285543,0,0,0,0,0,321.962706397244,866.298251402177,84,0,0,933,30730.2116,22835.0126883303,0,0,0,0,0,0,
natural_gas,0,0,0,0,0,0,0,0,1,1,1,0,866.298251402177,0,0,0,1,1,2,321.962706397244,0,0,0,0,0,0,0,0,0,0,0,0,0,0,0,0,0,0,3,3,0,0,1,1,1,1,1,1,1,1,1,0,0,0,1,1,18000,18948,0,5920,0,4880.8716,3205.107,7174.893,18000,0,7478,0,0,225,0,1377,0,0,0,0,6076.31,5675.28787531228,7016.94,Medicaid,Medicaid/CHIP,Medicaid/CHIP,NA,NA,NA,2325,2325,1,111,5366.04510662073,416,1,0,0,300,0,1,0,1,0,0,0,Head of Household,18000,0,30.60599877576,0,0,0,475.353873285543,0,0,0,0,0,321.962706397244,866.298251402177,84,0,0,995.5,31896.3716,23733.2126883303,0,0,0,0,0,0,
natural_gas,0,0,0,0,0,0,0,0,1,1,1,0,866.298251402177,0,0,0,1,1,2,321.962706397244,0,0,0,0,0,0,0,0,0,0,0,0,0,0,0,0,0,0,3,3,0,0,1,1,1,1,1,1,1,1,1,0,0,0,1,1,19000,20021.5,0,5920,0,4901.9136,3262.572,7117.428,19000,0,8853,0,0,237.5,35,1453.5,0,0,0,0,6884.76,5675.28787531228,7016.94,Medicaid,Medicaid/CHIP,Medicaid/CHIP,NA,NA,NA,2475,2475,1,111,5366.04510662073,520,1,0,0,300,0,1,35,1,0,0,0,Head of Household,19000,0,32.3063320410801,0,0,0,475.353873285543,0,0,0,0,0,321.962706397244,866.298251402177,84,0,350,1093,33152.4136,24877.1276883302,0,0,0,0,0,0,
natural_gas,0,0,0,0,0,0,0,0,1,1,1,0,866.298251402177,0,0,0,1,1,2,321.962706397244,0,0,0,0,0,0,0,0,0,0,0,0,0,0,0,0,0,0,3,3,0,0,1,1,1,1,1,1,1,1,1,0,0,0,1,1,20000,21095,0,5779,0,4710.7536,3496.872,6883.128,20000,0,8634,0,0,250,135,1530,0,0,0,0,7103.76,5675.28787531228,7016.94,Medicaid,Medicaid/CHIP,Medicaid/CHIP,NA,NA,NA,2625,2625,1,111,5366.04510662073,520,1,0,0,300,0,1,135,1,0,0,0,Head of Household,20000,0,34.0066653064001,0,0,0,475.353873285543,0,0,0,0,0,321.962706397244,866.298251402177,84,0,1350,1255.5,34120.2536,25569.4276883302,0,0,0,0,0,0,
natural_gas,0,0,0,0,0,0,0,0,1,1,1,0,866.298251402177,0,0,0,1,1,2,321.962706397244,0,0,0,0,0,0,0,0,0,0,0,0,0,0,0,0,0,0,3,3,0,0,1,1,1,1,1,1,1,1,1,0,0,0,1,1,21000,22168.5,0,5568,0,4534.3536,3718.872,6661.128,21000,0,8374,0,0,262.5,235,1606.5,0,0,0,0,7363.76,5675.28787531228,7016.94,Medicaid,Medicaid/CHIP,Medicaid/CHIP,NA,NA,NA,2775,2775,1,111,5366.04510662073,520,1,0,0,300,0,1,235,1,0,0,0,Head of Household,21000,0,35.7069985717201,0,0,0,475.353873285543,0,0,0,0,0,321.962706397244,866.298251402177,84,0,2350,1418,35032.8536,26290.4276883302,0,0,0,0,0,0,
natural_gas,0,0,0,0,0,0,0,0,1,1,1,0,866.298251402177,0,0,0,1,1,2,321.962706397244,0,0,0,0,0,0,0,0,0,0,0,0,0,0,0,0,0,0,3,3,0,0,1,1,1,1,1,1,1,1,1,0,0,0,1,1,22000,23120,0,5358,0,4356.7536,3936.872,6439.128,22000,0,8114,0,-3,275,335,1683,0,0,0,0,7623.76,5675.28787531228,7016.94,Medicaid,Medicaid/CHIP,Medicaid/CHIP,NA,NA,NA,2800,2800,1,111,5366.04510662073,520,1,0,0,300,0,1,335,1,0,0,0,Head of Household,22000,0,37.4073318370401,0,0,97.05,475.353873285543,0,0,0,0,0,321.962706397244,866.298251402177,88,0,3350,1580.5,35823.2536,27007.4276883302,0,0,0,0,0,0,
natural_gas,0,0,0,0,0,0,0,0,1,1,1,0,866.298251402177,0,0,0,1,1,2,321.962706397244,0,0,0,0,0,0,0,0,0,0,0,0,0,0,0,0,0,0,3,3,0,0,1,1,1,1,1,1,1,1,1,0,0,0,1,1,23000,24046.5,0,5147,0,4416.5136,3962.072,6413.928,23000,0,8428,0,-6,287.5,435,1759.5,0,0,0,0,8539.76,5675.28787531228,7016.94,Medicaid,Medicaid/CHIP,Medicaid/CHIP,NA,NA,NA,2800,2800,1,111,5366.04510662073,520,1,0,0,300,0,1,435,1,0,0,0,Head of Household,23000,0,39.1076651023601,0,0,204.1,475.353873285543,0,0,0,0,0,321.962706397244,866.298251402177,88,0,4350,1743,36825.0136,28187.6276883302,0,0,0,0,0,0,
natural_gas,0,0,0,0,0,0,0,0,1,1,1,0,866.298251402177,0,0,0,1,1,2,321.962706397244,0,0,0,0,0,0,0,0,0,0,0,0,0,0,0,0,0,0,3,3,0,0,1,1,1,1,1,1,1,1,1,0,0,0,1,1,24000,24901.8,0,4936,0,4102.41,4298.825,6077.175,24000,0,8650,0,62.2,300,535,1836,0,0,0,0,8417.25,5675.28787531228,7016.94,Medicaid,Medicaid/CHIP,Medicaid/CHIP,NA,NA,NA,2800,2800,1,111,5366.04510662073,520,1,0,0,300,0,1,535,1,0,0,0,Head of Household,24000,0,40,0,0,360,475.353873285543,0,0,0,0,0,321.962706397244,866.298251402177,88,0,5350,1905.5,37381.71,28640.8706883303,0,0,0,0,0,0,
natural_gas,0,0,0,0,0,0,0,0,1,1,1,0,866.298251402177,0,0,0,1,1,2,321.962706397244,0,0,0,0,0,0,0,0,0,0,0,0,0,0,0,0,0,0,3,3,0,0,1,1,1,1,1,1,1,1,1,0,0,0,1,1,25000,25691.25,0,4726,0,3832.41,4598.825,5777.175,25000,0,8650,0,196.25,312.5,635,1912.5,0,0,0,0,8417.25,5675.28787531228,7016.94,Medicaid,Medicaid/CHIP,Medicaid/CHIP,NA,NA,NA,2800,2800,1,111,5366.04510662073,520,1,0,0,300,0,1,635,1,0,0,0,Head of Household,25000,0,40,0,0,360,475.353873285543,0,0,0,0,0,321.962706397244,866.298251402177,88,0,6350,2068,37917.66,29179.8706883303,0,0,0,0,0,0,
natural_gas,0,0,0,0,0,0,0,0,1,1,1,0,866.298251402177,0,0,0,1,1,2,321.962706397244,0,0,0,0,0,0,0,0,0,0,0,0,0,0,0,0,0,0,3,3,0,0,1,1,1,1,1,1,1,1,1,0,0,0,1,1,26000,26456.7,0,4515,0,3562.41,4898.825,5477.175,26000,0,8650,0,354.3,325,735,1989,0,0,0,0,8417.25,5675.28787531228,7016.94,Medicaid,Medicaid/CHIP,Medicaid/CHIP,NA,NA,NA,2800,2800,1,111,5366.04510662073,520,1,0,0,300,0,1,735,1,0,0,0,Head of Household,26000,0,40,0,0,348,475.353873285543,0,0,0,0,0,321.962706397244,866.298251402177,88,0,7350,2230.5,38428.61,29718.8706883303,0,0,0,0,0,0,
natural_gas,0,0,0,0,0,0,0,0,1,1,1,0,866.298251402177,0,0,0,1,1,2,321.962706397244,0,0,0,0,0,0,0,0,0,0,0,0,0,0,0,0,0,0,3,3,0,0,1,1,1,1,1,1,1,1,1,0,0,0,1,1,27000,27228.15,0,4305,0,3386.01,5120.825,5255.175,27000,0,8390,0,506.35,337.5,835,2065.5,0,0,0,0,8677.25,5675.28787531228,7016.94,Medicaid,Medicaid/CHIP,Medicaid/CHIP,NA,NA,NA,2800,2800,1,111,5366.04510662073,520,1,0,0,300,0,1,835,1,0,0,0,Head of Household,27000,0,40,0,0,348,475.353873285543,0,0,0,0,0,321.962706397244,866.298251402177,88,0,8350,2393,39040.16,30439.8706883303,0,0,0,0,0,0,
natural_gas,0,0,0,0,0,0,0,0,1,1,1,0,866.298251402177,0,0,0,1,1,2,321.962706397244,0,0,0,0,0,0,0,0,0,0,0,0,0,0,0,0,0,0,3,3,0,0,1,1,1,1,1,1,1,1,1,0,0,0,1,1,28000,27850.55,0,4094,0,0,5342.825,5033.175,28000,0,8130,0,807.45,350,935,2142,0,0,0,0,8937.25,5675.28787531228,7016.94,Medicaid,Medicaid/CHIP,Medicaid/CHIP,NA,NA,NA,2800,2800,1,111,5366.04510662073,520,1,0,0,300,0,1,935,1,0,0,0,Head of Household,28000,0,40,0,0,336,475.353873285543,0,0,0,0,0,321.962706397244,866.298251402177,88,0,9350,2555.5,36292.05,31160.8706883303,0,0,0,0,0,0,
natural_gas,0,0,0,0,0,0,0,0,1,1,1,0,866.298251402177,0,0,0,1,1,2,321.962706397244,0,0,0,0,0,0,0,0,0,0,0,0,0,0,0,0,0,0,3,3,0,0,1,1,1,1,1,1,1,1,1,0,0,0,1,1,29000,28597,0,3883,0,0,5730.825,4733.175,29000,0,8130,0,984.5,362.5,1035,2218.5,0,0,0,0,8937.25,5675.28787531228,7016.94,Medicaid,Medicaid/CHIP,Medicaid/CHIP,NA,NA,NA,2800,2800,1,111,5366.04510662073,520,1,0,0,300,0,1,1035,1,0,0,0,Head of Household,29000,0,40,0,0,336,475.353873285543,0,0,0,0,0,321.962706397244,866.298251402177,0,0,10350,2718,37054,31787.8706883303,0,0,0,0,0,0,
natural_gas,0,0,0,0,0,0,0,0,1,1,1,0,866.298251402177,0,0,0,1,1,2,321.962706397244,0,0,0,0,0,0,0,0,0,0,0,0,0,0,0,0,0,0,3,3,0,0,1,1,1,1,1,1,1,1,1,0,0,0,1,1,30000,29458.5,0,3673,0,0,5952.825,4511.175,30000,0,7870,0,1046.5,375,1135,2295,0,0,0,0,9197.25,5675.28787531228,7016.94,employer,Medicaid/CHIP,Medicaid/CHIP,NA,NA,NA,2800,2800,1,111,5366.04510662073,520,1,0,0,1933,0,1,1135,1,0,0,0,Head of Household,30000,0,40,0,0,324,475.353873285543,0,0,0,0,0,321.962706397244,866.298251402177,0,0,11350,2880.5,37932,34141.8706883303,0,0,0,0,0,0,
natural_gas,0,0,0,0,0,0,0,0,1,1,1,0,866.298251402177,0,0,0,1,1,2,321.962706397244,0,0,0,0,0,0,0,0,0,0,0,0,0,0,0,0,0,0,3,3,0,0,1,1,1,1,1,1,1,1,1,0,0,0,1,1,31000,30332,0,3462,0,0,6252.825,4211.175,31000,0,7870,0,1096.5,387.5,1235,2371.5,0,0,0,0,9197.25,5675.28787531228,7016.94,employer,Medicaid/CHIP,Medicaid/CHIP,NA,NA,NA,2800,2800,1,111,5366.04510662073,520,1,0,0,1933,0,1,1235,1,0,0,0,Head of Household,31000,0,40,0,0,324,475.353873285543,0,0,0,0,0,321.962706397244,866.298251402177,0,0,12350,3043,38821,34680.8706883303,0,0,0,0,0,0,
natural_gas,0,0,0,0,0,0,0,0,1,1,1,0,866.298251402177,0,0,0,1,1,2,321.962706397244,0,0,0,0,0,0,0,0,0,0,0,0,0,0,0,0,0,0,3,3,0,0,1,1,1,1,1,1,1,1,1,0,0,0,1,1,32000,31193.5,0,3252,0,0,6552.825,3911.175,32000,0,7870,0,1158.5,400,1335,2448,0,0,0,0,9197.25,5675.28787531228,7016.94,employer,Medicaid/CHIP,Medicaid/CHIP,NA,NA,NA,2800,2800,1,111,5366.04510662073,520,1,0,0,1933,0,1,1335,1,0,0,0,Head of Household,32000,0,40,0,0,312,475.353873285543,0,0,0,0,0,321.962706397244,866.298251402177,0,0,13350,3205.5,39699,35219.8706883303,0,0,0,0,0,0,
natural_gas,0,0,0,0,0,0,0,0,1,1,1,0,866.298251402177,0,0,0,1,1,2,321.962706397244,0,0,0,0,0,0,0,0,0,0,0,0,0,0,0,0,0,0,3,3,0,0,1,1,1,1,1,1,1,1,1,0,0,0,1,1,33000,32067,0,3041,0,0,6852.825,3611.175,33000,0,7870,0,1208.5,412.5,1440,2524.5,0,0,0,0,9197.25,5675.28787531228,7016.94,employer,Medicaid/CHIP,Medicaid/CHIP,NA,NA,NA,2800,2800,1,111,5366.04510662073,520,1,0,0,1933,0,1,1440,1,0,0,0,Head of Household,33000,0,40,0,0,312,475.353873285543,0,0,0,0,0,321.962706397244,866.298251402177,0,0,14350,3373,40593,35763.8706883303,0,0,0,0,0,0,
natural_gas,0,0,0,0,0,0,0,0,1,1,1,0,866.298251402177,0,0,0,1,1,2,321.962706397244,0,0,0,0,0,0,0,0,0,0,0,0,0,0,0,0,0,0,3,3,0,0,1,1,1,1,1,1,1,1,1,0,0,0,1,1,34000,32928.5,0,2830,0,0,7152.825,3311.175,34000,0,7870,60,1270.5,425,1560,2601,0,0,0,0,9197.25,5675.28787531228,7016.94,employer,Medicaid/CHIP,Medicaid/CHIP,NA,NA,NA,2800,2860,1,111,5366.04510662073,520,1,0,0,1933,60,1,1500,1,0,0,0,Head of Household,34000,0,40,0,0,300,475.353873285543,0,0,0,0,0,321.962706397244,866.298251402177,0,0,15350,3555.5,41490,36322.8706883303,0,0,0,0,0,0,
natural_gas,0,0,0,0,0,0,0,0,1,1,1,0,866.298251402177,0,0,0,1,1,2,321.962706397244,0,0,0,0,0,0,0,0,0,0,0,0,0,0,0,0,0,0,3,3,0,0,1,1,1,1,1,1,1,1,1,0,0,0,1,1,35000,33802,0,2620,0,0,7452.825,3011.175,35000,0,7870,180,1320.5,437.5,1680,2677.5,0,0,0,0,9197.25,5675.28787531228,7016.94,employer,Medicaid/CHIP,Medicaid/CHIP,NA,NA,NA,2800,2980,1,111,5366.04510662073,520,1,0,0,1933,180,1,1500,1,0,0,0,Head of Household,35000,0,40,0,0,300,475.353873285543,0,0,0,0,0,321.962706397244,866.298251402177,0,0,16350,3738,42400,36881.8706883303,0,0,0,0,0,0,
natural_gas,0,0,0,0,0,0,0,0,1,1,1,0,866.298251402177,0,0,0,1,1,2,321.962706397244,0,0,0,0,0,0,0,0,0,0,0,0,0,0,0,0,0,0,3,3,0,0,1,1,1,1,1,1,1,1,1,0,0,0,1,1,36000,34663.5,0,2409,0,0,7752.825,2711.175,36000,0,7870,360,1382.5,450,1800,2754,0,0,0,0,9197.25,5675.28787531228,7016.94,employer,Medicaid/CHIP,Medicaid/CHIP,NA,NA,NA,2800,3160,1,111,5366.04510662073,520,1,0,0,1933,360,1,1440,1,0,0,0,Head of Household,36000,0,40,0,0,288,475.353873285543,0,0,0,0,0,321.962706397244,866.298251402177,0,0,17350,3920.5,43297,37440.8706883303,0,0,0,0,0,0,
natural_gas,0,0,0,0,0,0,0,0,1,1,1,0,866.298251402177,0,0,0,1,1,2,321.962706397244,0,0,0,0,0,0,0,0,0,0,0,0,0,0,0,0,0,0,3,3,0,0,1,1,1,1,1,1,1,1,1,0,0,0,1,1,37000,35537,0,2199,0,0,8052.825,2411.175,37000,0,7870,480,1432.5,462.5,1920,2830.5,0,0,0,0,9197.25,5675.28787531228,7016.94,employer,Medicaid/CHIP,Medicaid/CHIP,NA,NA,NA,2800,3280,1,111,5366.04510662073,520,1,0,0,1933,480,1,1440,1,0,0,0,Head of Household,37000,0,40,0,0,288,475.353873285543,0,0,0,0,0,321.962706397244,866.298251402177,0,0,18350,4103,44207,37999.8706883303,0,0,0,0,0,0,
natural_gas,0,0,0,0,0,0,0,0,1,1,1,0,866.298251402177,0,0,0,1,1,2,321.962706397244,0,0,0,0,0,0,0,0,0,0,0,0,0,0,0,0,0,0,3,3,0,0,1,1,1,1,1,1,1,1,1,0,0,0,1,1,38000,36398.5,0,1988,0,0,8352.825,2111.175,38000,0,7870,660,1494.5,475,2040,2907,0,0,0,0,9197.25,5675.28787531228,7016.94,employer,Medicaid/CHIP,Medicaid/CHIP,NA,NA,NA,2800,3460,1,111,5366.04510662073,520,1,0,0,1933,660,1,1380,1,0,0,0,Head of Household,38000,0,40,0,0,276,475.353873285543,0,0,0,0,0,321.962706397244,866.298251402177,0,0,19350,4285.5,45104,38558.8706883303,0,0,0,0,0,0,
natural_gas,0,0,0,0,0,0,0,0,1,1,1,0,866.298251402177,0,0,0,1,1,2,321.962706397244,0,0,0,0,0,0,0,0,0,0,0,0,0,0,0,0,0,0,3,3,0,0,1,1,1,1,1,1,1,1,1,0,0,0,1,1,39000,37272,0,1777,0,0,8652.825,1811.175,39000,0,7870,780,1544.5,487.5,2160,2983.5,0,0,0,0,9197.25,5675.28787531228,7016.94,employer,Medicaid/CHIP,Medicaid/CHIP,NA,NA,NA,2800,3580,1,111,5366.04510662073,520,1,0,0,1933,780,1,1380,1,0,0,0,Head of Household,39000,0,40,0,0,276,475.353873285543,0,0,0,0,0,321.962706397244,866.298251402177,0,0,20350,4468,46013,39117.8706883303,0,0,0,0,0,0,
natural_gas,0,0,0,0,0,0,0,0,1,1,1,0,866.298251402177,0,0,0,1,1,2,321.962706397244,0,0,0,0,0,0,0,0,0,0,0,0,0,0,0,0,0,0,3,3,0,0,1,1,1,1,1,1,1,1,1,0,0,0,1,1,40000,38133.5,0,1567,0,0,8952.825,1511.175,40000,0,7870,960,1606.5,500,2280,3060,0,0,0,0,9197.25,5675.28787531228,7016.94,employer,Medicaid/CHIP,Medicaid/CHIP,NA,NA,NA,2800,3760,1,111,5366.04510662073,520,1,0,0,1933,960,1,1320,1,0,0,0,Head of Household,40000,0,40,0,0,264,475.353873285543,0,0,0,0,0,321.962706397244,866.298251402177,0,0,21350,4650.5,46911,39676.8706883303,0,0,0,0,0,0,
natural_gas,0,0,0,0,0,0,0,0,1,1,1,0,185.721846475311,0,0,0,1,1,2,321.962706397244,0,0,0,0,0,0,0,0,0,0,0,0,0,0,0,0,0,0,3,3,0,0,1,1,1,1,1,1,1,1,1,0,0,0,1,1,41000,39007,0,1356,0,0,9252.825,1211.175,41000,0,7870,1080,1656.5,512.5,2400,3136.5,0,0,0,0,9197.25,6831.21815352469,7016.94,employer,Medicaid/CHIP,Medicaid/CHIP,NA,NA,NA,2800,3880,1,111,5366.04510662073,520,1,0,0,1933,1080,1,1320,1,0,0,0,Head of Household,41000,0,40,0,0,264,0,0,0,0,0,0,321.962706397244,185.721846475311,0,0,22350,4833,47820,41391.8009665427,0,0,0,0,0,0,
natural_gas,0,0,0,0,0,0,0,0,1,1,1,0,185.721846475311,0,0,0,1,1,2,321.962706397244,0,0,0,0,0,0,0,0,0,0,0,0,0,0,0,0,0,0,3,3,0,0,1,1,1,1,1,1,1,1,1,0,0,0,1,1,42000,39808.5,0,1146,0,0,7191.825,3272.175,42000,0,0,1260,1718.5,525,2520,3213,0,0,0,0,17067.25,6831.21815352469,7016.94,employer,Medicaid/CHIP,Medicaid/CHIP,NA,NA,NA,2740,4000,1,111,5366.04510662073,520,1,0,0,1933,1260,1,1260,0,0,0,0,Head of Household,42000,0,40,0,0,252,0,0,0,0,0,0,321.962706397244,185.721846475311,0,0,23350,5015.5,48658,47459.8009665427,0,0,0,0,0,0,
natural_gas,0,0,0,0,0,0,0,0,1,1,1,0,185.721846475311,0,0,0,1,1,2,321.962706397244,0,0,0,0,0,0,0,0,0,0,0,0,0,0,0,0,0,0,3,3,0,0,1,1,1,1,1,1,1,1,1,0,0,0,1,1,43000,40562,0,935,0,0,7491.825,2972.175,43000,0,0,1380,1768.5,537.5,2640,3289.5,0,0,0,0,17067.25,6831.21815352469,7016.94,employer,Medicaid/CHIP,Medicaid/CHIP,NA,NA,NA,2620,4000,1,111,5366.04510662073,520,1,0,0,1933,1380,1,1260,0,0,0,0,Head of Household,43000,0,40,0,0,252,0,0,0,0,0,0,321.962706397244,185.721846475311,0,0,24350,5198,49447,48018.8009665427,0,0,0,0,0,0,
natural_gas,0,0,0,0,0,0,0,0,1,1,1,0,185.721846475311,0,0,0,1,1,2,321.962706397244,0,0,0,0,0,0,0,0,0,0,0,0,0,0,0,0,0,0,3,3,0,0,1,1,1,1,1,1,1,1,1,0,0,0,1,1,44000,41243.5,0,724,0,0,7791.825,2672.175,44000,0,0,1560,1830.5,550,2760,3366,0,0,0,0,17067.25,6831.21815352469,7016.94,employer,Medicaid/CHIP,Medicaid/CHIP,NA,NA,NA,2440,4000,1,111,5366.04510662073,520,1,0,0,1933,1560,1,1200,0,0,0,0,Head of Household,44000,0,40,0,0,240,0,0,0,0,0,0,321.962706397244,185.721846475311,0,0,25350,5380.5,50164,48577.8009665427,0,0,0,0,0,0,
natural_gas,0,0,0,0,0,0,0,0,1,1,1,0,185.721846475311,0,0,0,1,1,2,321.962706397244,0,0,0,0,0,0,0,0,0,0,0,0,0,0,0,0,0,0,3,3,0,0,1,1,1,1,1,1,1,1,1,0,0,0,1,1,45000,41997,0,514,0,0,8091.825,2372.175,45000,0,0,1680,1880.5,562.5,2880,3442.5,0,0,0,0,17067.25,6831.21815352469,7016.94,employer,Medicaid/CHIP,Medicaid/CHIP,NA,NA,NA,2320,4000,1,111,5366.04510662073,520,1,0,0,1933,1680,1,1200,0,0,0,0,Head of Household,45000,0,40,0,0,240,0,0,0,0,0,0,321.962706397244,185.721846475311,0,0,26350,5563,50954,49136.8009665427,0,0,0,0,0,0,
natural_gas,0,0,0,0,0,0,0,0,1,1,1,0,185.721846475311,0,0,0,1,1,2,321.962706397244,0,0,0,0,0,0,0,0,0,0,0,0,0,0,0,0,0,0,3,3,0,0,1,1,1,1,1,1,1,1,1,0,0,0,1,1,46000,42750.5,0,303,0,0,8391.825,2072.175,46000,0,0,1800,1930.5,575,3000,3519,0,0,0,0,17067.25,6831.21815352469,7016.94,employer,Medicaid/CHIP,Medicaid/CHIP,NA,NA,NA,2200,4000,1,111,5366.04510662073,520,1,0,0,1933,1800,1,1200,0,0,0,0,Head of Household,46000,0,40,0,0,240,0,0,0,0,0,0,321.962706397244,185.721846475311,0,0,27350,5745.5,51743,49695.8009665427,0,0,0,0,0,0,
natural_gas,0,0,0,0,0,0,0,0,1,1,1,0,185.721846475311,0,0,0,1,1,2,321.962706397244,0,0,0,0,0,0,0,0,0,0,0,0,0,0,0,0,0,0,3,3,0,0,1,1,1,1,1,1,1,1,1,0,0,0,1,1,47000,43504,0,93,0,0,8691.825,1772.175,47000,0,0,1920,1980.5,587.5,3120,3595.5,0,0,0,0,17067.25,6831.21815352469,7016.94,employer,employer,employer,NA,NA,NA,2080,4000,1,111,5366.04510662073,520,1,0,0,5682,1920,1,1200,0,0,0,0,Head of Household,47000,0,40,0,0,240,0,0,0,0,0,0,321.962706397244,185.721846475311,0,0,28350,5928,52533,54003.8009665427,0,0,0,0,0,0,
natural_gas,0,0,0,0,0,0,0,0,1,1,1,0,185.721846475311,0,0,0,1,1,2,321.962706397244,0,0,0,0,0,0,0,0,0,0,0,0,0,0,0,0,0,0,3,3,0,0,1,1,1,1,1,1,1,1,1,0,0,0,1,1,48000,44257.5,0,0,0,0,8991.825,1472.175,48000,0,0,2040,2030.5,600,3240,3672,0,0,0,0,17067.25,6831.21815352469,7016.94,employer,employer,employer,NA,NA,NA,1960,4000,1,111,5366.04510662073,520,1,0,0,5682,2040,1,1200,0,0,0,0,Head of Household,48000,0,40,0,0,240,0,0,0,0,0,0,321.962706397244,185.721846475311,0,0,29350,6110.5,53440,54562.8009665427,0,0,0,0,0,0,
natural_gas,0,0,0,0,0,0,0,0,1,1,1,0,185.721846475311,0,0,0,1,1,2,321.962706397244,0,0,0,0,0,0,0,0,0,0,0,0,0,0,0,0,0,0,3,3,0,0,1,1,1,1,1,1,1,1,1,0,0,0,1,1,49000,45011,0,0,0,0,9291.825,1172.175,49000,0,0,2160,2080.5,612.5,3360,3748.5,0,0,0,0,17067.25,6831.21815352469,7016.94,employer,employer,employer,NA,NA,NA,1840,4000,1,111,5366.04510662073,520,1,0,0,5682,2160,1,1200,0,0,0,0,Head of Household,49000,0,40,0,0,240,0,0,0,0,0,0,321.962706397244,185.721846475311,0,0,30350,6293,54440,55121.8009665427,0,0,0,0,0,0,
natural_gas,0,0,0,0,0,0,0,0,1,1,1,0,185.721846475311,0,0,0,1,1,2,321.962706397244,0,0,0,0,0,0,0,0,0,0,0,0,0,0,0,0,0,0,3,3,0,0,1,1,1,1,1,1,1,1,1,0,0,0,1,1,50000,45764.5,0,0,0,0,9591.825,872.175000000001,50000,0,0,2280,2130.5,625,3480,3825,0,0,0,0,17067.25,6831.21815352469,7016.94,employer,employer,employer,NA,NA,NA,1720,4000,1,111,5366.04510662073,520,1,0,0,5682,2280,1,1200,0,0,0,0,Head of Household,50000,0,40,0,0,240,0,0,0,0,0,0,321.962706397244,185.721846475311,0,0,31350,6475.5,55440,55680.8009665427,0,0,0,0,0,0,
natural_gas,0,0,0,0,0,0,0,0,1,1,1,0,185.721846475311,0,0,0,1,1,2,321.962706397244,0,0,0,0,0,0,0,0,0,0,0,0,0,0,0,0,0,0,3,3,0,0,1,1,1,1,1,1,1,1,1,0,0,0,1,1,51000,46518,0,0,0,0,9891.825,572.175000000001,51000,0,0,2400,2180.5,637.5,3600,3901.5,0,0,0,0,17067.25,6831.21815352469,7016.94,employer,employer,employer,NA,NA,NA,1600,4000,1,111,5366.04510662073,520,1,0,0,5682,2400,1,1200,0,0,0,0,Head of Household,51000,0,40,0,0,240,0,0,0,0,0,0,321.962706397244,185.721846475311,0,0,32350,6658,56440,56239.8009665427,0,0,0,0,0,0,
natural_gas,0,0,0,0,0,0,0,0,1,1,1,0,185.721846475311,0,0,0,1,1,2,321.962706397244,0,0,0,0,0,0,0,0,0,0,0,0,0,0,0,0,0,0,3,3,0,0,1,1,1,1,1,1,1,1,1,0,0,0,1,1,52000,47271.5,0,0,0,0,10191.825,272.175000000001,52000,0,0,2520,2230.5,650,3720,3978,0,0,0,0,17067.25,6831.21815352469,7016.94,employer,employer,employer,NA,NA,NA,1480,4000,1,111,5366.04510662073,520,1,0,0,5682,2520,1,1200,0,0,0,0,Head of Household,52000,0,40,0,0,240,0,0,0,0,0,0,321.962706397244,185.721846475311,0,0,33350,6840.5,57440,56798.8009665427,0,0,0,0,0,0,
natural_gas,0,0,0,0,0,0,0,0,1,1,1,0,185.721846475311,0,0,0,1,1,2,328.16440115467,0,0,0,0,0,0,0,0,0,0,0,0,0,0,0,0,0,0,3,3,0,0,1,1,1,1,1,1,1,1,1,0,0,0,1,1,53000,48025,0,0,0,0,10464,0,52000,0,0,2640,2280.5,662.5,3840,4054.5,0,0,0,0,17067.25,6831.21815352469,7016.94,employer,employer,employer,NA,NA,NA,1360,4000,1,0,5469.40668591116,520,1,0,0,5682,2640,1,1200,0,0,0,0,Head of Household,53000,0,40,0,0,240,0,0,0,0,0,0,328.16440115467,185.721846475311,0,0,34350,7023,58440,57439.5392405905,0,0,0,0,0,0,
natural_gas,0,0,0,0,0,0,0,0,1,1,1,0,185.721846475311,0,0,0,1,1,2,328.16440115467,0,0,0,0,0,0,0,0,0,0,0,0,0,0,0,0,0,0,3,3,0,0,1,1,1,1,1,1,1,1,1,0,0,0,1,1,54000,48778.5,0,0,0,0,10464,0,52000,0,0,2760,2330.5,675,3960,4131,0,0,0,0,17067.25,6831.21815352469,7016.94,employer,employer,employer,NA,NA,NA,1240,4000,1,0,5469.40668591116,520,1,0,0,5682,2760,1,1200,0,0,0,0,Head of Household,54000,0,40,0,0,240,0,0,0,0,0,0,328.16440115467,185.721846475311,0,0,35350,7205.5,59440,57698.5392405905,0,0,0,0,0,0,
natural_gas,0,0,0,0,0,0,0,0,1,1,1,0,185.721846475311,0,0,0,1,1,2,328.16440115467,0,0,0,0,0,0,0,0,0,0,0,0,0,0,0,0,0,0,3,3,0,0,1,1,1,1,1,1,1,1,1,0,0,0,1,1,55000,49532,0,0,0,0,10464,0,52000,0,0,2880,2380.5,687.5,4080,4207.5,80,0,0,0,17067.25,6831.21815352469,7016.94,employer,employer,employer,NA,NA,NA,1120,4000,1,0,5469.40668591116,520,1,0,0,5682,2880,1,1200,0,0,0,0,Head of Household,55000,0,40,0,0,240,0,0,0,0,0,0,328.16440115467,185.721846475311,0,0,36350,7388,60440,57957.5392405905,0,0,0,0,0,0,
natural_gas,0,0,0,0,0,0,0,0,1,1,1,0,185.721846475311,0,0,0,1,1,2,328.16440115467,0,0,0,0,0,0,0,0,0,0,0,0,0,0,0,0,0,0,3,3,0,0,1,1,1,1,1,1,1,1,1,0,0,0,1,1,56000,50285.5,0,0,0,0,10464,0,52000,0,0,3000,2430.5,700,4200,4284,200,0,0,0,17067.25,6831.21815352469,7016.94,employer,employer,employer,NA,NA,NA,1000,4000,1,0,5469.40668591116,520,1,0,0,5682,3000,1,1200,0,0,0,0,Head of Household,56000,0,40,0,0,240,0,0,0,0,0,0,328.16440115467,185.721846475311,0,0,37350,7570.5,61440,58216.5392405905,0,0,0,0,0,0,
natural_gas,0,0,0,0,0,0,0,0,1,1,1,0,185.721846475311,0,0,0,1,1,2,328.16440115467,0,0,0,0,0,0,0,0,0,0,0,0,0,0,0,0,0,0,3,3,0,0,1,1,1,1,1,1,1,1,1,0,0,0,1,1,57000,51039,0,0,0,0,10464,0,52000,0,0,3120,2480.5,712.5,4320,4360.5,320,0,0,0,17067.25,6831.21815352469,7016.94,employer,employer,employer,NA,NA,NA,880,4000,1,0,5469.40668591116,520,1,0,0,5682,3120,1,1200,0,0,0,0,Head of Household,57000,0,40,0,0,240,0,0,0,0,0,0,328.16440115467,185.721846475311,0,0,38350,7753,62440,58475.5392405905,0,0,0,0,0,0,
natural_gas,0,0,0,0,0,0,0,0,1,1,1,0,185.721846475311,0,0,0,1,1,2,328.16440115467,0,0,0,0,0,0,0,0,0,0,0,0,0,0,0,0,0,0,3,3,0,0,1,1,1,1,1,1,1,1,1,0,0,0,1,1,58000,51792.5,0,0,0,0,10464,0,52000,0,0,3240,2530.5,725,4440,4437,440,0,0,0,17067.25,6831.21815352469,7016.94,employer,employer,employer,NA,NA,NA,760,4000,1,0,5469.40668591116,520,1,0,0,5682,3240,1,1200,0,0,0,0,Head of Household,58000,0,40,0,0,240,0,0,0,0,0,0,328.16440115467,185.721846475311,0,0,39350,7935.5,63440,58734.5392405905,0,0,0,0,0,0,
natural_gas,0,0,0,0,0,0,0,0,1,1,1,0,185.721846475311,0,0,0,1,1,2,328.16440115467,0,0,0,0,0,0,0,0,0,0,0,0,0,0,0,0,0,0,3,3,0,0,1,1,1,1,1,1,1,1,1,0,0,0,1,1,59000,52546,0,0,0,0,10464,0,52000,0,0,3360,2580.5,737.5,4560,4513.5,560,0,0,0,17067.25,6831.21815352469,7016.94,employer,employer,employer,NA,NA,NA,640,4000,1,0,5469.40668591116,520,1,0,0,5682,3360,1,1200,0,0,0,0,Head of Household,59000,0,40,0,0,240,0,0,0,0,0,0,328.16440115467,185.721846475311,0,0,40350,8118,64440,58993.5392405905,0,0,0,0,0,0,
natural_gas,0,0,0,0,0,0,0,0,1,1,1,0,185.721846475311,0,0,0,1,1,2,328.16440115467,0,0,0,0,0,0,0,0,0,0,0,0,0,0,0,0,0,0,3,3,0,0,1,1,1,1,1,1,1,1,1,0,0,0,1,1,60000,53299.5,0,0,0,0,10464,0,52000,0,0,3480,2630.5,750,4680,4590,680,0,0,0,17067.25,6831.21815352469,7016.94,employer,employer,employer,NA,NA,NA,520,4000,1,0,5469.40668591116,520,1,0,0,5682,3480,1,1200,0,0,0,0,Head of Household,60000,0,40,0,0,240,0,0,0,0,0,0,328.16440115467,185.721846475311,0,0,41350,8300.5,65440,59252.5392405905,0,0,0,0,0,0,
natural_gas,0,0,0,0,0,0,0,0,1,1,1,0,185.721846475311,0,0,0,1,1,2,328.16440115467,0,0,0,0,0,0,0,0,0,0,0,0,0,0,0,0,0,0,3,3,0,0,1,1,1,1,1,1,1,1,1,0,0,0,1,1,61000,54053,0,0,0,0,10464,0,52000,0,0,3600,2680.5,762.5,4800,4666.5,800,0,0,0,17067.25,6831.21815352469,7016.94,employer,employer,employer,NA,NA,NA,400,4000,1,0,5469.40668591116,520,1,0,0,5682,3600,1,1200,0,0,0,0,Head of Household,61000,0,40,0,0,240,0,0,0,0,0,0,328.16440115467,185.721846475311,0,0,42350,8483,66440,59511.5392405905,0,0,0,0,0,0,
natural_gas,0,0,0,0,0,0,0,0,1,1,1,0,185.721846475311,0,0,0,1,1,2,328.16440115467,0,0,0,0,0,0,0,0,0,0,0,0,0,0,0,0,0,0,3,3,0,0,1,1,1,1,1,1,1,1,1,0,0,0,1,1,62000,54806.5,0,0,0,0,10464,0,52000,0,0,3720,2730.5,775,4920,4743,920,0,0,0,17067.25,6831.21815352469,7016.94,employer,employer,employer,NA,NA,NA,280,4000,1,0,5469.40668591116,520,1,0,0,5682,3720,1,1200,0,0,0,0,Head of Household,62000,0,40,0,0,240,0,0,0,0,0,0,328.16440115467,185.721846475311,0,0,43350,8665.5,67440,59770.5392405905,0,0,0,0,0,0,
natural_gas,0,0,0,0,0,0,0,0,1,1,1,0,185.721846475311,0,0,0,1,1,2,328.16440115467,0,0,0,0,0,0,0,0,0,0,0,0,0,0,0,0,0,0,3,3,0,0,1,1,1,1,1,1,1,1,1,0,0,0,1,1,63000,55560,0,0,0,0,10464,0,52000,0,0,3840,2780.5,787.5,5040,4819.5,1040,0,0,0,17067.25,6831.21815352469,7016.94,employer,employer,employer,NA,NA,NA,160,4000,1,0,5469.40668591116,520,1,0,0,5682,3840,1,1200,0,0,0,0,Head of Household,63000,0,40,0,0,240,0,0,0,0,0,0,328.16440115467,185.721846475311,0,0,44350,8848,68440,60029.5392405905,0,0,0,0,0,0,
natural_gas,0,0,0,0,0,0,0,0,1,1,1,0,185.721846475311,0,0,0,1,1,2,328.16440115467,0,0,0,0,0,0,0,0,0,0,0,0,0,0,0,0,0,0,3,3,0,0,1,1,1,1,1,1,1,1,1,0,0,0,1,1,64000,56313.5,0,0,0,0,10464,0,52000,0,0,3960,2830.5,800,5160,4896,1160,0,0,0,17067.25,6831.21815352469,7016.94,employer,employer,employer,NA,NA,NA,40,4000,1,0,5469.40668591116,520,1,0,0,5682,3960,1,1200,0,0,0,0,Head of Household,64000,0,40,0,0,240,0,0,0,0,0,0,328.16440115467,185.721846475311,0,0,45350,9030.5,69440,60288.5392405905,0,0,0,0,0,0,
natural_gas,0,0,0,0,0,0,0,0,1,1,1,0,185.721846475311,0,0,0,1,1,2,328.16440115467,0,0,0,0,0,0,0,0,0,0,0,0,0,0,0,0,0,0,3,3,0,0,1,1,1,1,1,1,1,1,1,0,0,0,1,1,65000,57067,0,0,0,0,10464,0,52000,0,0,4080,2880.5,812.5,5280,4972.5,1200,0,0,0,17067.25,6831.21815352469,7016.94,employer,employer,employer,NA,NA,NA,0,4000,1,0,5469.40668591116,520,1,0,0,5682,4000,1,1200,0,0,0,0,Head of Household,65000,0,40,0,0,240,0,0,0,0,0,0,328.16440115467,185.721846475311,0,0,46350,9213,70440,60547.5392405905,0,0,0,0,0,0,
natural_gas,0,0,0,0,0,0,0,0,1,1,1,0,185.721846475311,0,0,0,1,1,2,328.16440115467,0,0,0,0,0,0,0,0,0,0,0,0,0,0,0,0,0,0,3,3,0,0,1,1,1,1,1,1,1,1,1,0,0,0,1,1,66000,57820.5,0,0,0,0,10464,0,52000,0,0,4200,2930.5,825,5400,5049,1200,0,0,0,17067.25,6831.21815352469,7016.94,employer,employer,employer,NA,NA,NA,0,4000,1,0,5469.40668591116,520,1,0,0,5682,4000,1,1200,0,0,0,0,Head of Household,66000,0,40,0,0,240,0,0,0,0,0,0,328.16440115467,185.721846475311,0,0,47350,9395.5,71440,60806.5392405905,0,0,0,0,0,0,
natural_gas,0,0,0,0,0,0,0,0,1,1,1,0,185.721846475311,0,0,0,1,1,2,328.16440115467,0,0,0,0,0,0,0,0,0,0,0,0,0,0,0,0,0,0,3,3,0,0,1,1,1,1,1,1,1,1,1,0,0,0,1,1,67000,58574,0,0,0,0,10464,0,52000,0,0,4320,2980.5,837.5,5520,5125.5,1200,0,0,0,17067.25,6831.21815352469,7016.94,employer,employer,employer,NA,NA,NA,0,4000,1,0,5469.40668591116,520,1,0,0,5682,4000,1,1200,0,0,0,0,Head of Household,67000,0,40,0,0,240,0,0,0,0,0,0,328.16440115467,185.721846475311,0,0,48350,9578,72440,61065.5392405905,0,0,0,0,0,0,
natural_gas,0,0,0,0,0,0,0,0,1,1,1,0,185.721846475311,0,0,0,1,1,2,328.16440115467,0,0,0,0,0,0,0,0,0,0,0,0,0,0,0,0,0,0,3,3,0,0,1,1,1,1,1,1,1,1,1,0,0,0,1,1,68000,59327.5,0,0,0,0,10464,0,52000,0,0,4440,3030.5,850,5640,5202,1200,0,0,0,17067.25,6831.21815352469,7016.94,employer,employer,employer,NA,NA,NA,0,4000,1,0,5469.40668591116,520,1,0,0,5682,4000,1,1200,0,0,0,0,Head of Household,68000,0,40,0,0,240,0,0,0,0,0,0,328.16440115467,185.721846475311,0,0,49350,9760.5,73440,61324.5392405905,0,0,0,0,0,0,
natural_gas,0,0,0,0,0,0,0,0,1,1,1,0,185.721846475311,0,0,0,1,1,2,328.16440115467,0,0,0,0,0,0,0,0,0,0,0,0,0,0,0,0,0,0,3,3,0,0,1,1,1,1,1,1,1,1,1,0,0,0,1,1,69000,60081,0,0,0,0,10464,0,52000,0,0,4560,3080.5,862.5,5760,5278.5,1200,0,0,0,17067.25,6831.21815352469,7016.94,employer,employer,employer,NA,NA,NA,0,4000,1,0,5469.40668591116,520,1,0,0,5682,4000,1,1200,0,0,0,0,Head of Household,69000,0,40,0,0,240,0,0,0,0,0,0,328.16440115467,185.721846475311,0,0,50350,9943,74440,61583.5392405905,0,0,0,0,0,0,
natural_gas,0,0,0,0,0,0,0,0,1,1,1,0,185.721846475311,0,0,0,1,1,2,328.16440115467,0,0,0,0,0,0,0,0,0,0,0,0,0,0,0,0,0,0,3,3,0,0,1,1,1,1,1,1,1,1,1,0,0,0,1,1,70000,60834.5,0,0,0,0,10464,0,52000,0,0,4680,3130.5,875,5880,5355,1200,0,0,0,17067.25,6831.21815352469,7016.94,employer,employer,employer,NA,NA,NA,0,4000,1,0,5469.40668591116,520,1,0,0,5682,4000,1,1200,0,0,0,0,Head of Household,70000,0,40,0,0,240,0,0,0,0,0,0,328.16440115467,185.721846475311,0,0,51350,10125.5,75440,61842.5392405905,0,0,0,0,0,0,
natural_gas,0,0,0,0,0,0,0,0,1,1,1,0,185.721846475311,0,0,0,1,1,2,328.16440115467,0,0,0,0,0,0,0,0,0,0,0,0,0,0,0,0,0,0,3,3,0,0,1,1,1,1,1,1,1,1,1,0,0,0,1,1,71000,61588,0,0,0,0,10464,0,52000,0,0,4800,3180.5,887.5,6000,5431.5,1200,0,0,0,17067.25,6831.21815352469,7016.94,employer,employer,employer,NA,NA,NA,0,4000,1,0,5469.40668591116,520,1,0,0,5682,4000,1,1200,0,0,0,0,Head of Household,71000,0,40,0,0,240,0,0,0,0,0,0,328.16440115467,185.721846475311,0,0,52350,10308,76440,62101.5392405905,0,0,0,0,0,0,
natural_gas,0,0,0,0,0,0,0,0,1,1,1,0,185.721846475311,0,0,0,1,1,2,328.16440115467,0,0,0,0,0,0,0,0,0,0,0,0,0,0,0,0,0,0,3,3,0,0,1,1,1,1,1,1,1,1,1,0,0,0,1,1,72000,62341.5,0,0,0,0,10464,0,52000,0,0,4920,3230.5,900,6120,5508,1200,0,0,0,17067.25,6831.21815352469,7016.94,employer,employer,employer,NA,NA,NA,0,4000,1,0,5469.40668591116,520,1,0,0,5682,4000,1,1200,0,0,0,0,Head of Household,72000,0,40,0,0,240,0,0,0,0,0,0,328.16440115467,185.721846475311,0,0,53350,10490.5,77440,62360.5392405905,0,0,0,0,0,0,
natural_gas,0,0,0,0,0,0,0,0,1,1,1,0,185.721846475311,0,0,0,1,1,2,328.16440115467,0,0,0,0,0,0,0,0,0,0,0,0,0,0,0,0,0,0,3,3,0,0,1,1,1,1,1,1,1,1,1,0,0,0,1,1,73000,63030,0,0,0,0,10464,0,52000,0,0,5105,3280.5,912.5,6305,5584.5,1200,0,0,0,17067.25,6831.21815352469,7016.94,employer,employer,employer,NA,NA,NA,0,4000,1,0,5469.40668591116,520,1,0,0,5682,4000,1,1200,0,0,0,0,Head of Household,73000,0,40,0,0,240,0,0,0,0,0,0,328.16440115467,185.721846475311,0,0,54350,10738,78440,62684.5392405905,0,0,0,0,0,0,
natural_gas,0,0,0,0,0,0,0,0,1,1,1,0,185.721846475311,0,0,0,1,1,2,328.16440115467,0,0,0,0,0,0,0,0,0,0,0,0,0,0,0,0,0,0,3,3,0,0,1,1,1,1,1,1,1,1,1,0,0,0,1,1,74000,63683.5,0,0,0,0,10464,0,52000,0,0,5325,3330.5,925,6525,5661,1200,0,0,0,17067.25,6831.21815352469,7016.94,employer,employer,employer,NA,NA,NA,0,4000,1,0,5469.40668591116,520,1,0,0,5682,4000,1,1200,0,0,0,0,Head of Household,74000,0,40,0,0,240,0,0,0,0,0,0,328.16440115467,185.721846475311,0,0,55350,11020.5,79440,63043.5392405905,0,0,0,0,0,0,
natural_gas,0,0,0,0,0,0,0,0,1,1,1,0,185.721846475311,0,0,0,1,1,2,328.16440115467,0,0,0,0,0,0,0,0,0,0,0,0,0,0,0,0,0,0,3,3,0,0,1,1,1,1,1,1,1,1,1,0,0,0,1,1,75000,64337,0,0,0,0,10464,0,52000,0,0,5545,3380.5,937.5,6745,5737.5,1200,0,0,0,17067.25,6831.21815352469,7016.94,employer,employer,employer,NA,NA,NA,0,4000,1,0,5469.40668591116,520,1,0,0,5682,4000,1,1200,0,0,0,0,Head of Household,75000,0,40,0,0,240,0,0,0,0,0,0,328.16440115467,185.721846475311,0,0,56350,11303,80440,63402.5392405905,0,0,0,0,0,0,
natural_gas,0,0,0,0,0,0,0,0,1,1,1,0,185.721846475311,0,0,0,1,1,2,328.16440115467,0,0,0,0,0,0,0,0,0,0,0,0,0,0,0,0,0,0,3,3,0,0,1,1,1,1,1,1,1,1,1,0,0,0,1,1,76000,64990.5,0,0,0,0,10464,0,52000,0,0,5765,3430.5,950,6965,5814,1200,0,0,0,17067.25,6831.21815352469,7016.94,employer,employer,employer,NA,NA,NA,0,4000,1,0,5469.40668591116,520,1,0,0,5682,4000,1,1200,0,0,0,0,Head of Household,76000,0,40,0,0,240,0,0,0,0,0,0,328.16440115467,185.721846475311,0,0,57350,11585.5,81440,63761.5392405905,0,0,0,0,0,0,
natural_gas,0,0,0,0,0,0,0,0,1,1,1,0,185.721846475311,0,0,0,1,1,2,328.16440115467,0,0,0,0,0,0,0,0,0,0,0,0,0,0,0,0,0,0,3,3,0,0,1,1,1,1,1,1,1,1,1,0,0,0,1,1,77000,65644,0,0,0,0,10464,0,52000,0,0,5985,3480.5,962.5,7185,5890.5,1200,0,0,0,17067.25,6831.21815352469,7016.94,employer,employer,employer,NA,NA,NA,0,4000,1,0,5469.40668591116,520,1,0,0,5682,4000,1,1200,0,0,0,0,Head of Household,77000,0,40,0,0,240,0,0,0,0,0,0,328.16440115467,185.721846475311,0,0,58350,11868,82440,64120.5392405905,0,0,0,0,0,0,
natural_gas,0,0,0,0,0,0,0,0,1,1,1,0,185.721846475311,0,0,0,1,1,2,328.16440115467,0,0,0,0,0,0,0,0,0,0,0,0,0,0,0,0,0,0,3,3,0,0,1,1,1,1,1,1,1,1,1,0,0,0,1,1,78000,66297.5,0,0,0,0,10464,0,52000,0,0,6205,3530.5,975,7405,5967,1200,0,0,0,17067.25,6831.21815352469,7016.94,employer,employer,employer,NA,NA,NA,0,4000,1,0,5469.40668591116,520,1,0,0,5682,4000,1,1200,0,0,0,0,Head of Household,78000,0,40,0,0,240,0,0,0,0,0,0,328.16440115467,185.721846475311,0,0,59350,12150.5,83440,64479.5392405905,0,0,0,0,0,0,
natural_gas,0,0,0,0,0,0,0,0,1,1,1,0,185.721846475311,0,0,0,1,1,2,328.16440115467,0,0,0,0,0,0,0,0,0,0,0,0,0,0,0,0,0,0,3,3,0,0,1,1,1,1,1,1,1,1,1,0,0,0,1,1,79000,66951,0,0,0,0,10464,0,52000,0,0,6425,3580.5,987.5,7625,6043.5,1200,0,0,0,17067.25,6831.21815352469,7016.94,employer,employer,employer,NA,NA,NA,0,4000,1,0,5469.40668591116,520,1,0,0,5682,4000,1,1200,0,0,0,0,Head of Household,79000,0,40,0,0,240,0,0,0,0,0,0,328.16440115467,185.721846475311,0,0,60350,12433,84440,64838.5392405905,0,0,0,0,0,0,
natural_gas,0,0,0,0,0,0,0,0,1,1,1,0,185.721846475311,0,0,0,1,1,2,328.16440115467,0,0,0,0,0,0,0,0,0,0,0,0,0,0,0,0,0,0,3,3,0,0,1,1,1,1,1,1,1,1,1,0,0,0,1,1,80000,67604.5,0,0,0,0,10464,0,52000,0,0,6645,3630.5,1000,7845,6120,1200,0,0,0,17067.25,6831.21815352469,7016.94,employer,employer,employer,NA,NA,NA,0,4000,1,0,5469.40668591116,520,1,0,0,5682,4000,1,1200,0,0,0,0,Head of Household,80000,0,40,0,0,240,0,0,0,0,0,0,328.16440115467,185.721846475311,0,0,61350,12715.5,85440,65197.5392405905,0,0,0,0,0,0,
